Unnamed: 0.1,Unnamed: 0,Name,Gender,Birth date,Country,Job,First crime age ,Cause,Motive,Victim audience,Proven victims,Total victims,Level of cruelty,Crime longitude,Imprisoned years,Family,Weapon,Alive or dead,By whom,Imprisoned years processed,IQ processed,Consolidated Motive,Consolidated Victim Audience,Generation
0,0,Luis Garavito,Male,25.01.1957,Colombia,Service,35,Bullying,Desire for power,Children,193,300,Hard,7,22,Eldest,Knife,Dead,Parents,"Prisoned for years, not for lifetime",Uneducated,Desire for Power or Fame,Children,Baby Boomer Generation
1,1,Pedro Lopez,Male,08.10.1948,Colombia,Male prostitute,22,Sexual abuse,Revenge,Young girls,110,300,Moderate,11,25,Middle,Bare hands,Alive,Teacher,"Prisoned for years, not for lifetime",Uneducated,Revenge or Hatred,Young Individuals,Baby Boomer Generation
2,2,Javed Iqbal,Male,08.10.1956,Pakistan,Businessman,42,Mental illness,Revenge,Young boys,100,100,Hard,1,700,Middle,Acid,Dead,None/No one,Life imprisonment,Intellectual,Revenge or Hatred,Young Individuals,Baby Boomer Generation
3,3,Mikhail Popkov,Male,07.03.1964,Russia,Police,34,Resentment/Hate,The desire to cleanse the world of vicious women,Women,86,86,Hard,18,200,Eldest,Metal object,Alive,Prostitutes/Women,Life imprisonment,No info,Cleansing or Societal Change,Miscellaneous Groups,Baby Boomer Generation
4,4,Daniel Barbosa,Male,22.01.1930,Colombia,Service,44,Bullying,Getting rid of virgins,Young girls,72,180,Moderate,12,41,Only child,Knife,Dead,Family members,"Prisoned for years, not for lifetime",Intellectual,Other Motives,Young Individuals,Silent Generation
5,5,Pedro Filho,Male,17.07.1954,Brazil,Miscellaneous Occupations,14,Mental illness,The desire to cleanse the world of criminals,Criminals,71,100,Moderate,36,34,No info,Knife,Dead,Brain damage,"Prisoned for years, not for lifetime",No info,Cleansing or Societal Change,Criminals,Baby Boomer Generation
6,6,Kampatimar Shankariya,Male,1952,India,Unemployed,25,Without any Cause,For pleasure,All,70,70,Easy,1,0,No info,Hammer/Axes,Dead,None/No one,Not imprisoned/Other,No info,Other Motives,Miscellaneous Groups,Baby Boomer Generation
7,7,Hoshang Amini,Male,1936,Iran,Service,18,Bullying,The desire to rid the world of corruption,Young boys,67,67,Hard,8,10000,Youngest,Rope,Dead,Family members,Death penalty,No info,Other Motives,Young Individuals,Silent Generation
8,8,Yang Xinhai,Male,17.07.1968,China,Labourer,31,Resentment/Hate,"Enjoyment of robbery, rape and murder",Farmers,67,67,Moderate,4,10000,Youngest,Hammer/Axes,Dead,Partner,Death penalty,Intellectual,Robbery or Material Gain,Miscellaneous Groups,Generation X
9,9,William Unek,Male,1929,Tanganyika,Police,25,Resentment/Hate,No info,All,57,57,Easy,3,10000,No info,Shooting,Dead,Partner,Death penalty,No info,Miscellaneous or Undefined,Miscellaneous Groups,Silent Generation
10,10,Samuel Little,Male,07.06.1940,USA,Medical Employee,30,Resentment/Hate,Choking,Women,60,93,Hard,35,400,Only child,Bare hands,Dead,Parents,Life imprisonment,Uneducated,Other Motives,Miscellaneous Groups,Silent Generation
11,11,Mohammed Bijeh,Male,1982,Iran,Police,20,Mental illness,Desire for power,Children,54,54,Moderate,2,10000,Middle,Hammer/Axes,Dead,Brain damage,Death penalty,No info,Desire for Power or Fame,Children,Xennials
12,12,Wang Qiang,Male,16.01.1975,China,Robber,20,Bullying,Pervert,Women,45,60,Hard,8,10000,Only child,Bare hands,Dead,Prostitutes/Women,Death penalty,No info,Sexual or Sadistic Pleasure,Miscellaneous Groups,Xennials
13,13,Andrei Chikalito,Male,16.10.1936,Ukraina,Teacher,42,Death of close person,Revenge,Young girls,53,56,Hard,12,10000,Middle,Knife,Dead,Classmates,Death penalty,Intellectual,Revenge or Hatred,Young Individuals,Silent Generation
14,14,Ahmad Suraji,Male,10.01.1949,Indonesia,Miscellaneous Occupations,37,Unique,"The belief that by killing 70 women and drinking their saliva, you can become a healer",Women,42,80,Easy,11,10000,No info,Cable,Dead,None/No one,Death penalty,No info,Other Motives,Miscellaneous Groups,Baby Boomer Generation
15,15,Moses Sithole,Male,17.11.1964,South Africa,Unemployed,30,Resentment/Hate,The desire to become famous,Women,38,76,Hard,1,2410,Youngest,Bare hands,Dead,Parents,Life imprisonment,No info,Desire for Power or Fame,Miscellaneous Groups,Baby Boomer Generation
16,16,Omar Abdul Razeq Abdullah Rifai,Male,1985,Egypt,Unemployed,17,Resentment/Hate,For pleasure,All,38,38,Easy,5,0,Middle,Shooting,Dead,Parents,Not imprisoned/Other,No info,Other Motives,Miscellaneous Groups,Millennial/Gen Y
17,17,Ted Bundy,Male,24.11.1946,USA,Police,28,Death of close person,Sadism,Young girls,35,100,Hard,4,10000,No info,Saw,Dead,Family members,Death penalty,Intellectual,Sexual or Sadistic Pleasure,Young Individuals,Baby Boomer Generation
18,18,Fernando Hernandez Leiva,Male,30.11.1964,Mexico,Police,18,Mental illness,Getting pleasure from committing murders,All,33,137,Moderate,17,50,No info,Bare hands,Alive,None/No one,"Prisoned for years, not for lifetime",No info,Other Motives,Miscellaneous Groups,Baby Boomer Generation
19,19,John Wayne Gacy,Male,17.03.1942,USA,Miscellaneous Occupations,30,Bullying,Desire for power,Ophrans,33,45,Moderate,6,10000,Eldest,Cable,Dead,Parents,Death penalty,No info,Desire for Power or Fame,Miscellaneous Groups,Silent Generation
20,20,Radik Tagirov,Male,1981,Russia,Labourer,30,Mental illness,"Selfish, partly the pleasure of killing and the hatred of older women",Older women,31,31,Moderate,1,100,Eldest,Hammer/Axes,Alive,None/No one,Life imprisonment,No info,Revenge or Hatred,Miscellaneous Groups,Xennials
21,21,Anatoly Onoprienko,Male,25.07.1959,Ukraina,Robber,30,No parents,"Misanthropy, robbery",All,52,52,Easy,7,10000,Youngest,Knife,Dead,Parents,Death penalty,Intellectual,Revenge or Hatred,Miscellaneous Groups,Baby Boomer Generation
22,22,Karl Denke,Male,11.02.1930,Germany,Medical Employee,43,Without any Cause,"Cannibalism, self-serving.",All,30,42,Hard,21,10000,Youngest,Knife,Dead,None/No one,Death penalty,No info,Sexual or Sadistic Pleasure,Miscellaneous Groups,Silent Generation
23,23,Florisvaldo de Oliveira,Male,18.11.1958,Brazil,Police,24,Resentment/Hate,Desire for revenge against women ,Criminals,50,50,Moderate,1,160,Only child,Bare hands,Dead,Partner,Life imprisonment,No info,Revenge or Hatred,Criminals,Baby Boomer Generation
24,24,Gary Ridgway,Male,18.02.1949,USA,Transportation,33,Unique,Necrophilia,Prostitutes,49,90,Moderate,18,4900,Middle,Bare hands,Alive,None/No one,Life imprisonment,Intellectual,Sexual or Sadistic Pleasure,Prostitutes,Baby Boomer Generation
25,25,Alexander Pichuskin,Male,09.04.1974,Russia,Police,18,Mental illness,Competition with another notorious Russian serial killer,All,49,60,Easy,14,100,Eldest,Bottle,Alive,Brain damage,Life imprisonment,Intellectual,Other Motives,Miscellaneous Groups,Generation X
26,26,Raman Raghav ,Male,1929,India,Police,36,Mental illness,Desire for power,Homelesses,41,41,Moderate,3,22,No info,Hammer/Axes,Dead,None/No one,"Prisoned for years, not for lifetime",No info,Desire for Power or Fame,Homeless,Silent Generation
27,27,Serhiy Tkach,Male,19.11.1952,Ukraine,Unemployed,32,Without any Cause,Hatred of law enforcement agencies,Young girls,37,100,Hard,21,10000,No info,Bare hands,Dead,None/No one,Death penalty,Intellectual,Revenge or Hatred,Young Individuals,Baby Boomer Generation
28,28,Gennady Mikhasevich,Male,07.04.1947,Byelorussia,Soldier,24,Resentment/Hate,No motive,Women,36,55,Easy,14,10000,Only child,Bare hands,Dead,Partner,Death penalty,Intellectual,Miscellaneous or Undefined,Miscellaneous Groups,Baby Boomer Generation
29,29,Ramadan Abdel Rehim Mansour,Male,1980,Egypt,Service,19,Resentment/Hate,Desire for revenge against women ,Young boys,32,32,Moderate,7,10000,Only child,Bare hands,Dead,Parents,Death penalty,No info,Revenge or Hatred,Young Individuals,Xennials
30,30,Francisco das Chagas Rodrigues de Brito,Male,1964,Brazil,Police,25,Mental illness,"Sought to justify himself, lacked pity and lied",Children,30,42,Hard,14,217,No info,Knife,Alive,None/No one,Life imprisonment,No info,Other Motives,Children,Baby Boomer Generation
31,31,David Thabo Simelane,Male,1956,Swaziland,Robber,44,Resentment/Hate,Desire for revenge against women ,Women,28,45,Moderate,1,40,No info,Bare hands,Dead,Parents,"Prisoned for years, not for lifetime",No info,Revenge or Hatred,Miscellaneous Groups,Baby Boomer Generation
32,32,Luis Gregorio Ramírez Maestre,Male,30.09.1980,Colombia,Unemployed,30,Without any Cause,Stealing motorcycles,Motorcyclists,30,30,Easy,2,34,No info,Bare hands,Alive,None/No one,"Prisoned for years, not for lifetime",No info,Robbery or Material Gain,Miscellaneous Groups,Xennials
33,33,Robert Pickton,Male,24.10.1949,Canada,Agriculture employee,34,Mental illness,Desire for power,Prostitutes,26,49,Hard,19,600,Middle,Shooting,Alive,None/No one,Life imprisonment,No info,Desire for Power or Fame,Prostitutes,Baby Boomer Generation
34,34,Juan Corona,Male,07.02.1934,USA,Labourer,37,Mental illness,No info,Workers,25,25,Hard,1,0,Youngest,Metal object,Dead,None/No one,Not imprisoned/Other,No info,Miscellaneous or Undefined,Miscellaneous Groups,Silent Generation
35,35,Zhang Jun,Male,05.08.1966,China,Robber,27,Without any Cause,Robbery,All,28,28,Easy,7,10000,No info,Shooting,Dead,None/No one,Death penalty,Uneducated,Robbery or Material Gain,Miscellaneous Groups,Generation X
36,36,Peter Tredget,Male,31.07.1960,UK,Labourer,13,Mental illness,Revenge,All,26,26,Hard,6,100,No info,Fire,Alive,None/No one,Life imprisonment,No info,Revenge or Hatred,Miscellaneous Groups,Baby Boomer Generation
37,37,Majid Salek Mahmoudi,Male,1953,Iran,Unemployed,18,Resentment/Hate,Desire for revenge unfaithful women to their husbands,Women,24,24,Moderate,4,0,Middle,Hammer/Axes,Dead,Partner,Not imprisoned/Other,No info,Revenge or Hatred,Miscellaneous Groups,Baby Boomer Generation
38,38,The Stoneman,Other,None/No Info,India,Unidentified,-,,,"Homeless, no relatives",25,25,Easy,4,0,No info,Rock,,None/No one,Not imprisoned/Other,Intellectual,,Homeless,Unknown
39,39,Yvan Keller,Male,13.12.1960,France,Miscellaneous Occupations,29,Bullying,Desire for revenge women ,Old women,23,150,Moderate,20,10000,No info,Hammer/Axes,Dead,Parents,Death penalty,No info,Revenge or Hatred,Miscellaneous Groups,Baby Boomer Generation
40,40,Ronald Dominique,Male,09.01.1964,USA,Labourer,33,Bullying,Desire for power,Prostitutes,23,23,Moderate,9,10000,Youngest,Bare hands,Dead,Social Circle,Death penalty,No info,Desire for Power or Fame,Prostitutes,Baby Boomer Generation
41,41,Joan Fernando Hermosa,Male,28.02.1976,Ecuador,Unemployed,15,Without any Cause,No info,Homosexuals and taxi drivers,23,23,Easy,1,4,No info,Shooting,Dead,None/No one,"Prisoned for years, not for lifetime",No info,Miscellaneous or Undefined,Homosexuals,Xennials
42,42,Gerald Stano,Male,12.09.1951,USA,Police,18,Mental illness,Misogyny,Young girls,22,88,Hard,11,10000,Youngest,Bare hands,Dead,None/No one,Death penalty,No info,Other Motives,Young Individuals,Baby Boomer Generation
43,43,Manuel Octavio Bermúdez,Male,15.10.1961,Colombia,Service,38,Bullying,Desire for power,Children,21,50,Moderate,4,25,Only child,Pills/Injection,Alive,Parents,"Prisoned for years, not for lifetime",No info,Desire for Power or Fame,Children,Baby Boomer Generation
44,44,Patrick Kearney,Male,24.09.1939,USA,Male prostitute,26,Bullying,The desire to cleanse the world of homosexuals,Young boys,21,43,Hard,12,2100,Eldest,Shooting,Alive,Family members,Life imprisonment,No info,Cleansing or Societal Change,Young Individuals,Silent Generation
45,45,Mikhail Novosyolov,Male,1960,Russia,Medical Employee,17,Bullying,Revenge,All,22,22,Moderate,18,0,No info,Bare hands,Alive,Prostitutes/Women,Not imprisoned/Other,Intellectual,Revenge or Hatred,Miscellaneous Groups,Baby Boomer Generation
46,46,William Bonin,Male,08.01.1947,USA,Transportation,32,Sexual abuse,Desire for power,Children,21,36,Easy,1,15,No info,Bare hands,Dead,Parents,"Prisoned for years, not for lifetime",No info,Desire for Power or Fame,Children,Baby Boomer Generation
47,47,Yoo Young Chul,Male,18.04.1970,South Korea,Teacher,33,Resentment/Hate,Hate for women,Prostitutes,21,26,Hard,1,7,No info,Bare hands,Alive,Prostitutes/Women,"Prisoned for years, not for lifetime",Intellectual,Revenge or Hatred,Prostitutes,Generation X
48,48,Surinder Koli,Male,1970,India,Labourer,35,Bullying,Desire for power,Children,19,30,Moderate,1,10000,No info,Metal object,Dead,Parents,Death penalty,No info,Desire for Power or Fame,Children,Generation X
49,49,Abdullah Shah,Male,1965, Afghanistan,Soldier,25,Resentment/Hate,No info,All,20,20,Hard,1,10000,No info,Fire,Dead,Partner,Death penalty,No info,Miscellaneous or Undefined,Miscellaneous Groups,Generation X
50,50,Mohan Kumar,Male,1963,India,Teacher,40,Without any Cause,No info,Women looking for marriage,20,20,Easy,4,100,No info,Pills/Injection,Alive,None/No one,Life imprisonment,Intellectual,Miscellaneous or Undefined,Miscellaneous Groups,Baby Boomer Generation
51,51,Bulelani Mabhayi,Male,1974,South Africa,Unemployed,33,Bullying,Desire for power,Women,20,20,Moderate,5,25,No info,Bare hands,Alive,Parents,"Prisoned for years, not for lifetime",No info,Desire for Power or Fame,Miscellaneous Groups,Generation X
52,52,Larry Eyler,Male,21.12.1952,USA,Labourer,30,Sexual abuse,Desire for power,Hitchhikers,19,23,Moderate,2,10000,No info,Metal object,Dead,Social Circle,Death penalty,No info,Desire for Power or Fame,Miscellaneous Groups,Baby Boomer Generation
53,53,Cape Town Prostitute Killer,Other,None/No Info,South Africa,Unidentified,-,Without any Cause,Hate prostitutes,Prostitutes,19,20,Moderate,4,0,No info,Car,Dead,None/No one,Not imprisoned/Other,Intellectual,Revenge or Hatred,Prostitutes,Unknown
54,54,El Psicopata,Other,None/No Info,Costa Rica,Unidentified,-,Without any Cause,No info,Single women,19,19,Easy,10,0,No info,Shooting,Dead,None/No one,Not imprisoned/Other,Intellectual,Miscellaneous or Undefined,Miscellaneous Groups,Unknown
55,55,Sergei Ryakhovsky,Male,29.12.1962,Russia,Service,26,Without any Cause,Cleanse society by killing homosexuals and prostitutes,Homosexuals and prostitutes,19,24,Hard,5,100,Eldest,Metal object,Dead,None/No one,Life imprisonment,No info,Cleansing or Societal Change,Prostitutes,Baby Boomer Generation
56,56,Yevgeny Chuplinsky,Male,14.03.1965,Russia,Police,33,Without any Cause,No info,Prostitutes,19,19,Hard,8,100,No info,Unidentified,Alive,None/No one,Life imprisonment,Intellectual,Miscellaneous or Undefined,Prostitutes,Generation X
57,57,M. Jaishankar,Male,1977,India,Transportation,31,Mental illness,Hate prostitutes,Prostitutes,19,19,Hard,3,30,Youngest,Hammer/Axes,Dead,Brain damage,"Prisoned for years, not for lifetime",No info,Revenge or Hatred,Prostitutes,Xennials
58,58,Vadim Ershov,Male,15.02.1973,Russia,Soldier,19,Bullying,Hide results of crime,All,19,19,Moderate,3,100,No info,Knife,Alive,Social Circle,Life imprisonment,Intellectual,Other Motives,Miscellaneous Groups,Generation X
59,59,Velaphi Ndlangmandla,Male,1966,South Africa,Unidentified,32,Without any Cause,No info,All,19,19,Easy,1,137,No info,Shooting,Alive,None/No one,Life imprisonment,Uneducated,Miscellaneous or Undefined,Miscellaneous Groups,Generation X
60,60,Valery Kopytov,Male,1971,Russia,Service,29,Resentment/Hate,Desire for revenge ,Homeless,19,44,Moderate,4,25,Only child,Metal object,Alive,Homeless,"Prisoned for years, not for lifetime",Uneducated,Revenge or Hatred,Homeless,Generation X
61,61,Randall Woodfield,Male,26.12.1950,USA,Athlete,29,Resentment/Hate,Pervert,All,18,44,Moderate,3,165,Youngest,Bare hands,Alive,Prostitutes/Women,Life imprisonment,Intellectual,Sexual or Sadistic Pleasure,Miscellaneous Groups,Baby Boomer Generation
62,62,Yavuz Yapicioglu,Male,1967,Turkey,Businessman,27,Bullying,Hate relatives,Relatives ,18,40,Moderate,8,40,Eldest,Metal object,Alive,Family members,"Prisoned for years, not for lifetime",Intellectual,Revenge or Hatred,Miscellaneous Groups,Generation X
63,63,Paul John Knowles ,Male,25.04.1946,USA,Service,29,Mental illness,Incarcerate,All,18,35,Easy,1,10000,Only child,Shooting,Dead,None/No one,Death penalty,No info,Other Motives,Miscellaneous Groups,Baby Boomer Generation
64,64,Thierry Paulin,Male,28.11.1963,France,Male prostitute,21,Bullying,Desire for revenge,Elderly women,18,21,Easy,3,100,Middle,Bare hands,Dead,Family members,Life imprisonment,Uneducated,Revenge or Hatred,Elderly,Baby Boomer Generation
65,65,Richard Nyauza,Male,1970,South Africa,Unidentified,32,Resentment/Hate,Hate women,Black women,18,19,Moderate,4,140,No info,Rock,Alive,Prostitutes/Women,Life imprisonment,Intellectual,Revenge or Hatred,Miscellaneous Groups,Generation X
66,66,Umesh Reddy,Male,1969,India,Police,27,Resentment/Hate,Pervert,Housewives,18,18,Moderate,8,30,No info,Knife,Alive,Prostitutes/Women,"Prisoned for years, not for lifetime",Intellectual,Sexual or Sadistic Pleasure,Miscellaneous Groups,Generation X
67,67,Asande Baninzi,Male,1983,South Africa,Unemployed,18,Without any Cause,Robbery,All,18,18,Moderate,1,189,No info,Bare hands,Alive,None/No one,Life imprisonment,No info,Robbery or Material Gain,Miscellaneous Groups,Xennials
68,68,Richard Cottingham,Male,25.12.1946,USA,Teacher,23,Bullying,Desire for revenge ,Prostitutes,17,100,Hard,13,100,Eldest,Hammer/Axes,Alive,Prostitutes/Women,Life imprisonment,Intellectual,Revenge or Hatred,Prostitutes,Baby Boomer Generation
69,69,Huang Yong,Male,18.11.1974,China,Agriculture employee,27,Without any Cause,Wanted to be murder,Young boys,17,25,Easy,2,10000,No info,Rope,Dead,None/No one,Death penalty,Intellectual,Other Motives,Young Individuals,Generation X
70,70,Pedro Pablo Nakada Ludeña,Male,28.02.1973,Peru,Agriculture employee,32,Mental illness,Pervert,Young women,17,25,Hard,1,35,Eldest,Hammer/Axes,Alive,Personality disorder,"Prisoned for years, not for lifetime",No info,Sexual or Sadistic Pleasure,Young Individuals,Generation X
71,71,Darbara Singh,Male,1960,India,Soldier,44,Resentment/Hate,Revenge for migrants,Children,17,23,Easy,1,11,No info,Bare hands,Dead,Migrants,"Prisoned for years, not for lifetime",Intellectual,Revenge or Hatred,Children,Baby Boomer Generation
72,72,Robert Hansen,Male,15.02.1939,USA,Service,32,Mental illness,Pervert,All,17,21,Moderate,12,461,Eldest,Bare hands,Dead,Personality disorder,Life imprisonment,No info,Sexual or Sadistic Pleasure,Miscellaneous Groups,Silent Generation
73,73,Sergei Dovzhenko,Male,30.06.1972,Ukraine,Police,20,Unique,Revenge,All,17,19,Moderate,10,100,No info,Shooting,Alive,None/No one,Life imprisonment,Intellectual,Revenge or Hatred,Miscellaneous Groups,Generation X
74,74,Belle Gonness,Female,11.11.1859,India,Medical Employee,25,Unique,Love,All,14,40,Easy,8,0,No info,Pills/Injection,Dead,None/No one,Not imprisoned/Other,Intellectual,Other Motives,Miscellaneous Groups,Unknown
75,75,Irina Gaidamachuk,Female,22.05.1972,Russia,Medical Employee,30,Resentment/Hate,Desire for revenge,Elderly women,17,17,Easy,8,20,Only child,Pills/Injection,Alive,Parents,"Prisoned for years, not for lifetime",Intellectual,Revenge or Hatred,Elderly,Generation X
76,76,Randy Kraft,Male,19.03.1945,USA,Soldier,26,Mental illness,Pervert,Young boys,16,67,Hard,12,0,Youngest,Bare hands,Alive,Personality disorder,Not imprisoned/Other,Intellectual,Sexual or Sadistic Pleasure,Young Individuals,Silent Generation
77,77,Kristen Gilbert,Female,1982,USA,Medical Employee,28,Without any Cause,No info,Patients,4,7,Easy,1,100,No info,Pills/Injection,Alive,None/No one,Life imprisonment,Intellectual,Miscellaneous or Undefined,Miscellaneous Groups,Xennials
78,78,Juana Barraza,Female,27.12.1957,Mexico,Athlete,32,Bullying,Desire for power,Elderly women,16,49,Easy,17,759,Only child,Bare hands,Alive,Parents,Life imprisonment,No info,Desire for Power or Fame,Elderly,Baby Boomer Generation
79,79,Velma Barfield,Female,29.10.1932,USA,Medical Employee,38,Bullying,Revenge,All,6,6,Easy,9,40,Eldest,Fire,Dead,Parents,"Prisoned for years, not for lifetime",No info,Revenge or Hatred,Miscellaneous Groups,Silent Generation
80,80,Martha Beck,Female,06.05.1920,USA,Medical Employee,27,Without any Cause,No info,Women,3,20,Hard,2,10000,No info,Metal object,Dead,None/No one,Death penalty,Intellectual,Miscellaneous or Undefined,Miscellaneous Groups,The Greatest Generation
81,81,Elizabeth Wettlaufer,Female,10.06.1967,Canada,Medical Employee,40,Mental illness,Desire for power,Elders,8,8,Easy,7,25,No info,Pills/Injection,Alive,None/No one,"Prisoned for years, not for lifetime",Intellectual,Desire for Power or Fame,Elderly,Generation X
82,82,Maina Ramulu,Male,1976,India,Labourer,27,Mental illness,Hatred for Women,Women,16,18,Moderate,17,0,No info,Bare hands,Alive,Brain damage,Not imprisoned/Other,Uneducated,Revenge or Hatred,Miscellaneous Groups,Xennials
83,83,Dorothea Puente,Female,09.01.1929,USA,Medical Employee,51,Without any Cause,Poverty,Elderls,9,10,Easy,2,100,No info,Pills/Injection,Dead,None/No one,Life imprisonment,No info,Other Motives,Elderly,Silent Generation
84,84,Carol Bundy,Female,26.08.1942,USA,Medical Employee,38,Sexual abuse,No info,All,2,2,Hard,1,204,No info,Shooting,Dead,Parents,Life imprisonment,No info,Miscellaneous or Undefined,Miscellaneous Groups,Silent Generation
85,85,Beverley Allitt,Female,04.10.1968,UK,Medical Employee,23,Mental illness,Desire for attention,Children,10,12,Hard,1,30,Eldest,Acid,Alive,None/No one,"Prisoned for years, not for lifetime",No info,Other Motives,Children,Generation X
86,86,Vladimir Mirgorod,Male,01.11.1979,Russia,Unidentified,24,Without any Cause,No info,Women,16,16,Moderate,2,100,No info,Knife,Dead,None/No one,Life imprisonment,No info,Miscellaneous or Undefined,Miscellaneous Groups,Xennials
87,87,Farid Baghiandi,Male,1968,Iran,Labourer,36,Bullying,No info,Women,16,16,Moderate,4,100,Only child,Bare hands,Alive,Parents,Life imprisonment,No info,Miscellaneous or Undefined,Miscellaneous Groups,Generation X
88,88,Marybeth Tinning,Female,11.09.1942,USA,Labourer,30,Mental illness,Desire for attention,Children,13,15,Easy,13,20,Eldest,Pills/Injection,Alive,None/No one,"Prisoned for years, not for lifetime",No info,Other Motives,Children,Silent Generation
89,89,Donald Henry,Male,13.03.1933,USA,Labourer,20,Sexual abuse,Revenge,All,15,100,Moderate,29,10000,Youngest,Hammer/Axes,Dead,Social Circle,Death penalty,No info,Revenge or Hatred,Miscellaneous Groups,Silent Generation
90,90,Jimmy Maketta,Male,1964,South Africa,Police,41,Mental illness,No info,All,16,16,Hard,1,100,No info,Metal object,Alive,None/No one,Life imprisonment,No info,Miscellaneous or Undefined,Miscellaneous Groups,Baby Boomer Generation
91,91,Rosemary West,Female,29.11.1953,UK,Housewife,40,Bullying,Desire for power,Young women,10,12,Hard,16,100,Middle,Hammer/Axes,Alive,Parents,Life imprisonment,No info,Desire for Power or Fame,Young Individuals,Baby Boomer Generation
92,92,Ravinder Kumar,Male,1991,India,Unemployed,17,Resentment/Hate,Pervert,Children,15,30,Moderate,7,0,No info,Bare hands,Alive,Prostitutes/Women,Not imprisoned/Other,No info,Sexual or Sadistic Pleasure,Children,Millennial/Gen Y
93,93,Frederick West,Male,29.09.1941,UK,Labourer,31,Bullying,Pervert,Young women,10,13,Hard,16,100,Only child,Hammer/Axes,Dead,Prostitutes/Women,Life imprisonment,No info,Sexual or Sadistic Pleasure,Young Individuals,Silent Generation
94,94,Lee Choon Jae,Male,31.01.1963,South Korea,Transportation,23,Death of close person,Pervert,Women,15,15,Moderate,8,21,Eldest,Clothes,Alive,Family members,"Prisoned for years, not for lifetime",Intellectual,Sexual or Sadistic Pleasure,Miscellaneous Groups,Baby Boomer Generation
95,95,Carl Eugene Watts,Male,07.11.1953,USA,Police,21,Mental illness,Misogyny,Women,14,100,Hard,8,160,Eldest,Knife,Dead,None/No one,Life imprisonment,No info,Other Motives,Miscellaneous Groups,Baby Boomer Generation
96,96,Gwendolyn Graham ,Female,06.08.1963,USA,Medical Employee,24,Mental illness,Desire for attention ,Elders,8,11,Easy,1,40,Middle,Pills/Injection,Alive,None/No one,"Prisoned for years, not for lifetime",Intellectual,Other Motives,Elderly,Baby Boomer Generation
97,97,Cathy Wood,Female,07.03.1962,USA,Medical Employee,25,Mental illness,Desire for attention ,Elders,8,11,Easy,1,40,Youngest,Pills/Injection,Alive,None/No one,"Prisoned for years, not for lifetime",Intellectual,Other Motives,Elderly,Baby Boomer Generation
98,98,Bai Baoshan,Male,06.11.1958,China,Unemployed,25,Without any Cause,Robbery,All,15,15,Easy,14,10000,No info,Shooting,Dead,None/No one,Death penalty,Intellectual,Robbery or Material Gain,Miscellaneous Groups,Baby Boomer Generation
99,99,Karla Homolka,Female,04.05.1970,Canada,Medical Employee,17,Mental illness,Desire for acceptance by husband by killing others,Young women,5,6,Hard,5,12,Eldest,Hammer/Axes,Alive,Brain damage,"Prisoned for years, not for lifetime",No info,Other Motives,Young Individuals,Generation X
100,100,Maurizio Minghella,Male,16.07.1958,Italy,Unemployed,20,Death of close person,Mental illness,Prostitude,15,15,Moderate,23,100,Middle,Bare hands,Alive,Family members,Life imprisonment,Uneducated,Mental Illness or Psychological Issues,Prostitutes,Baby Boomer Generation
101,101,Valeriy Devyatyarov,Male,1944,Kazakhstan,Soldier,23,Resentment/Hate,Desire for revenge,Young girls,5,5,Moderate,1,10000,Only child,Bare hands,Dead,Prostitutes/Women,Death penalty,Intellectual,Revenge or Hatred,Young Individuals,Silent Generation
102,102,Nikolay Dzhumagaliev,Male,01.01.1952,Kazakhstan,Service,27,Mental illness,The desire to become superhuman,Women,10,100,Hard,11,0,Middle,Knife,Alive,None/No one,Not imprisoned/Other,No info,Desire for Power or Fame,Miscellaneous Groups,Baby Boomer Generation
103,103,Sergei Kopay,Male,1965,Kazakhstan,Medical Employee,32,Without any Cause,Cannibalism,Chilldren,7,7,Hard,2,100,No info,Bare hands,Dead,None/No one,Life imprisonment,No info,Sexual or Sadistic Pleasure,Children,Generation X
104,104,Polatbay Berdaliyev,Male,1986,Kazakhstan,Unidentified,25,Without any Cause,Desire for exciting experience,Young women,11,11,Moderate,1,100,No info,Bare hands,Alive,None/No one,Life imprisonment,No info,Other Motives,Young Individuals,Millennial/Gen Y
105,105,Akhmat Azimov,Male,1972,Uzbekistan ,Soldier,18,Without any Cause,Cannibalism ,Young boys,5,5,Hard,2,10000,Eldest,Rock,Dead,None/No one,Death penalty,No info,Sexual or Sadistic Pleasure,Young Individuals,Generation X
106,106,Abduseit Ormanov,Male,1986,Kazakhstan,Unidentified,25,Without any Cause,Desire for exciting experience,Young women,11,11,Moderate,1,100,No info,Bare hands,Alive,None/No one,Life imprisonment,No info,Other Motives,Young Individuals,Millennial/Gen Y
107,107,Oleg Muravlenko,Male,1973,Kazakhstan,Unemployed,25,Without any Cause,No info,Women,6,7,Moderate,2,10000,No info,Clothes,Dead,None/No one,Death penalty,No info,Miscellaneous or Undefined,Miscellaneous Groups,Generation X
108,108,Yuri Ivanov,Male,1956,Kazakhstan,Transportation,18,Resentment/Hate,Hate for women,Women,16,39,Hard,4,10000,No info,Bare hands,Dead,Prostitutes/Women,Death penalty,No info,Revenge or Hatred,Miscellaneous Groups,Baby Boomer Generation
109,109,Bakhtiyor Matyakubov,Male,09.04.1971,Uzbekistan ,Unemployed,17,Bullying,Desire for power,Women,11,11,Moderate,2,100,Eldest,Knife,Alive,Parents,Life imprisonment,No info,Desire for Power or Fame,Miscellaneous Groups,Generation X
110,110,Rustam Kiknadze,Male,1980,Kazakhstan,Unidentified,24,Resentment/Hate,Pervert,Women,5,8,Moderate,16,26,No info,Knife,Alive,Prostitutes/Women,"Prisoned for years, not for lifetime",No info,Sexual or Sadistic Pleasure,Miscellaneous Groups,Xennials
111,111,Borman's group,Male,1968,Kazakhstan,Unidentified,30,Resentment/Hate,Cleanse society by killing  and prostitutes,Prostitutes,28,33,Hard,2,100,No info,Hammer/Axes,Alive,Prostitutes/Women,Life imprisonment,No info,Cleansing or Societal Change,Prostitutes,Generation X
112,112,Ivan Mandzhikov,Male,1965,Kazakhstan,Unidentified,23,Without any Cause,No info,Young women,5,9,Hard,1,10000,No info,Knife,Dead,None/No one,Death penalty,Intellectual,Miscellaneous or Undefined,Young Individuals,Generation X
113,113,Sergei Yarovoi,Male,1963,Kazakhstan,Medical Employee,27,Resentment/Hate,Pervert,Women,8,9,Moderate,2,100,Middle,Metal object,Alive,Prostitutes/Women,Life imprisonment,No info,Sexual or Sadistic Pleasure,Miscellaneous Groups,Baby Boomer Generation
114,114,Monster of Florence,Male,No info,Italy,Unidentified,-,Without any Cause,No info,Couples,14,16,Hard,17,0,No info,Knife,Alive,None/No one,Not imprisoned/Other,Intellectual,Miscellaneous or Undefined,Miscellaneous Groups,Unknown
115,115,Joachim Kroll,Male,17.04.1933,Germany,Transportation,22,Without any Cause,Cannibalism ,Young girls,14,14,Hard,21,10000,Middle,Bare hands,Dead,None/No one,Death penalty,No info,Sexual or Sadistic Pleasure,Young Individuals,Silent Generation
116,116,Dr No,Male,No info,USA,Unidentified,-,Without any Cause,No info,Prostitutes and Dancers,9,12,Hard,9,0,No info,Bare hands,Alive,None/No one,Not imprisoned/Other,Intellectual,Miscellaneous or Undefined,Prostitutes,Unknown
117,117,Arthur Shawcross,Male,06.06.1945,USA,Labourer,27,Sexual abuse,Desire to cleanse the world of prostitutes,Prostitutes,14,14,Hard,17,10000,Eldest,Fire,Dead,Parents,Death penalty,No info,Cleansing or Societal Change,Prostitutes,Silent Generation
118,118,Richard Ramírez,Male,29.02.1960,USA,Labourer,24,Bullying,"Pervert, satanism",All,13,15,Hard,1,10000,Youngest,Metal object,Dead,Parents,Death penalty,No info,Sexual or Sadistic Pleasure,Miscellaneous Groups,Baby Boomer Generation
119,119,Antonina Makarova,Female,01.03.1920,Russia,Soldier,23,Resentment/Hate,Desire for revenge,Soldiers,163,1500,Easy,2,10000,Middle,Shooting,Dead,Social Circle,Death penalty,Intellectual,Revenge or Hatred,Miscellaneous Groups,The Greatest Generation
120,120,Joëlle Aubron,Female,14.09.1959,France,Soldier,23,Resentment/Hate,Desire for social change,Politics,5,7,Easy,1,24,No info,Shooting,Dead,Social Circle,"Prisoned for years, not for lifetime",Intellectual,Cleansing or Societal Change,Miscellaneous Groups,Baby Boomer Generation
121,121,Ludivine Chambet,Female,10.05.1983,France,Medical Employee,29,Death of close person,Desire for attention,Elders,10,13,Easy,1,35,No info,Pills/Injection,Alive,Parents,"Prisoned for years, not for lifetime",No info,Other Motives,Elderly,Xennials
122,122,Michel Fourniret,Male,04.04.1942,France,Teacher,42,Sexual abuse,Pervert,Women,9,12,Hard,16,100,Only child,Hammer/Axes,Dead,Prostitutes/Women,Life imprisonment,Intellectual,Sexual or Sadistic Pleasure,Miscellaneous Groups,Silent Generation
123,123,Kiyotaka Katsuta,Male,29.08.1948,Japan,Service,34,No parents,Robbery,All,8,22,Moderate,1,10000,Only child,Shooting,Dead,Parents,Death penalty,No info,Robbery or Material Gain,Miscellaneous Groups,Baby Boomer Generation
124,124,Naceur Damergi,Male,1944,Tunisia,Agriculture employee,36,Resentment/Hate,Revenge,Children,14,14,Hard,8,10000,Only child,Knife,Dead,Parents,Death penalty,No info,Revenge or Hatred,Children,Silent Generation
125,125,Sipho Thwala,Male,1977,South Africa,Police,20,Mental illness,Pervert,Young girls,16,19,Moderate,1,506,No info,Knife,Dead,Personality disorder,Life imprisonment,No info,Sexual or Sadistic Pleasure,Young Individuals,Xennials
126,126,Pierre Chanal,Male,18.11.1946,France,Soldier,34,Resentment/Hate,Pervert,Men,8,17,Moderate,8,10,Only child,Metal object,Dead,Prostitutes/Women,"Prisoned for years, not for lifetime",Intellectual,Sexual or Sadistic Pleasure,Men,Baby Boomer Generation
127,127,Saeed Hanaei,Male,1962,Iran,Unidentified,37,Bullying,Desire to cleanse prostitutes,Women,16,19,Moderate,1,10000,No info,Bare hands,Dead,Parents,Death penalty,No info,Cleansing or Societal Change,Miscellaneous Groups,Baby Boomer Generation
128,128,Vladimir Retunsky,Male,04.02.1950,Russia,Transportation,40,Without any Cause,No info,Hitchhikers,8,12,Hard,6,20,Eldest,Knife,Alive,None/No one,"Prisoned for years, not for lifetime",No info,Miscellaneous or Undefined,Miscellaneous Groups,Baby Boomer Generation
129,129,Muthukutty Chandran,Male,15.12.1951,India,Robber,35,No parents,Robbery,All,14,14,Hard,1,10000,Only child,Hammer/Axes,Dead,Parents,Death penalty,No info,Robbery or Material Gain,Miscellaneous Groups,Baby Boomer Generation
130,130,Jeffrey Dahmer,Male,21.05.1960,USA,Labourer,28,Mental illness,Desire for power,Young boys,16,17,Hard,14,160,Eldest,Bludgeon,Dead,Brain damage,Life imprisonment,No info,Desire for Power or Fame,Young Individuals,Baby Boomer Generation
131,131,Alexander Bychkov,Male,01.04.1988,Russia,Unemployed,21,Bullying,Revenge ,Alcocholic men,9,11,Hard,3,100,Eldest,Hammer/Axes,Alive,Parents,Life imprisonment,Intellectual,Revenge or Hatred,Men,Millennial/Gen Y
132,132,Jose Antonio Rodriguez Vega ,Male,03.12.1957,Spanish ,Police,30,Mental illness,Robbery,Elders,16,16,Easy,1,440,Only child,Bare hands,Dead,None/No one,Life imprisonment,No info,Robbery or Material Gain,Elderly,Baby Boomer Generation
133,133,Marcelo Costa de Andrade,Male,02.01.1967,Brazil,Male prostitute,24,Sexual abuse,Religion,Children,14,14,Hard,1,100,Youngest,Bare hands,Alive,Social Circle,Life imprisonment,No info,Other Motives,Children,Generation X
134,134,Sergei Martynov,Male,02.06.1962,Russia,Unidentified,30,Without any Cause,Cleaning of the society bcs he was bored,Women,9,9,Moderate,8,100,No info,Knife,Alive,None/No one,Life imprisonment,Uneducated,Cleansing or Societal Change,Miscellaneous Groups,Baby Boomer Generation
135,135,Kang Ho Sun,Male,10.10.1969,South Korea,Unidentified,37,Without any Cause,Desire for exciting experience,Women,10,10,Moderate,2,100,No info,Unidentified,Dead,None/No one,Life imprisonment,No info,Other Motives,Miscellaneous Groups,Generation X
136,136,Carrol Cole,Male,09.05.1938,USA,Transportation,10,Mental illness,Hate women,Prostitutes,16,16,Moderate,32,100,Middle,Pills/Injection,Dead,Brain damage,Life imprisonment,No info,Revenge or Hatred,Prostitutes,Silent Generation
137,137,Masten Wanjala,Male,2001,Kenya,Unemployed,14,Without any Cause,Blood drinking,Children,10,10,Moderate,6,0,No info,Unidentified,Dead,None/No one,Not imprisoned/Other,Intellectual,Other Motives,Children,Generation Z
138,138,Elifasi Msomi,Male,1910,South Africa,Unemployed,43,Bullying,Desire for power,Elders,15,15,Hard,3,10000,No info,Hammer/Axes,Dead,Parents,Death penalty,No info,Desire for Power or Fame,Elderly,Interbellum Generation
139,139,Hua Ruizhuo,Male,1973,China,Transportation,25,Resentment/Hate,Desire to take revenge on prostitutes,Prostitutes,14,14,Hard,3,10000,No info,Bare hands,Dead,Prostitutes/Women,Death penalty,No info,Revenge or Hatred,Prostitutes,Generation X
140,140,Zhou Kehua,Male,06.02.1970,China,Soldier,34,Without any Cause,Robbery,ATM users,10,10,Easy,8,0,Only child,Shooting,Dead,None/No one,Not imprisoned/Other,Intellectual,Robbery or Material Gain,Miscellaneous Groups,Generation X
141,141,Jeong Nam-gyu,Male,17.04.1969,South Korea,Service,35,Without any Cause,Desire for power,All,14,14,Moderate,2,0,No info,Metal object,Dead,None/No one,Not imprisoned/Other,No info,Desire for Power or Fame,Miscellaneous Groups,Generation X
142,142,Ali Kaya,Male,1980,Turkey,Police,17,Mental illness,Not asked,All,10,10,Moderate,17,5,No info,Knife,Alive,Personality disorder,"Prisoned for years, not for lifetime",No info,Mental Illness or Psychological Issues,Miscellaneous Groups,Xennials
143,143,Amir Qayyum,Male,1981,Pakistan,Robber,24,No parents,Desire to take revenge on society,Homeless,14,14,Moderate,1,10000,Only child,Rock,Dead,Parents,Death penalty,No info,Revenge or Hatred,Homeless,Xennials
144,144,Peter Sutcliffe,Male,02.06.1946,UK,Transportation,29,Bullying,Desire to cleanse prostitutes,Prostitues,13,33,Moderate,5,100,Middle,Bludgeon,Dead,Parents,Life imprisonment,No info,Cleansing or Societal Change,Prostitutes,Baby Boomer Generation
145,145,David Randitsheni,Male,1964,South Africa,Unidentified,40,Without any Cause,No info,All,10,27,Moderate,4,220,No info,Unidentified,Dead,None/No one,Life imprisonment,No info,Miscellaneous or Undefined,Miscellaneous Groups,Baby Boomer Generation
146,146,Stanislav Rogolev,Male,14.02.1941,Russia,Police,39,Death of close person,No info,Women,10,10,Moderate,2,10000,No info,Knife,Dead,Family members,Death penalty,Intellectual,Miscellaneous or Undefined,Miscellaneous Groups,Silent Generation
147,147,Denis Kazungu,Male,1989,Rwanda,Businessman,34,Without any Cause,No info,Women,14,14,Hard,1,100,No info,Unidentified,Alive,None/No one,Life imprisonment,No info,Miscellaneous or Undefined,Miscellaneous Groups,Millennial/Gen Y
148,148,Tamara Samsanova,Female,25.04.1947,Russia,Housewife,48,Mental illness,"Desire for attention, cannibalism",Elders,13,15,Hard,20,100,No info,Metal object,Alive,Brain damage,Life imprisonment,No info,Sexual or Sadistic Pleasure,Elderly,Baby Boomer Generation
149,149,Dagmar Overbye,Female,23.04.1937,Denmark,Teacher,26,Without any Cause,Getting rid of children outside of marriage,Children,9,15,Hard,7,10000,No info,Heater,Dead,None/No one,Death penalty,No info,Other Motives,Children,Silent Generation
150,150,Jake Bird,Male,14.12.1901,USA,Service,29,Unique,Racism,White women,13,46,Hard,17,10000,No info,Hammer/Axes,Dead,None/No one,Death penalty,No info,Other Motives,Miscellaneous Groups,Interbellum Generation
151,151,Li Wenxiang,Male,1952,China,Labourer,39,Resentment/Hate,Hate women with surname Wang or Xie,Women,13,14,Moderate,5,10000,No info,Knife,Dead,Prostitutes/Women,Death penalty,No info,Revenge or Hatred,Miscellaneous Groups,Baby Boomer Generation
152,152,Kaspars Petrovs,Male,1978,Latvia,Unemployed,25,Without any Cause,Robbery,Elderly women,13,38,Easy,1,0,No info,Bare hands,Alive,None/No one,Not imprisoned/Other,No info,Robbery or Material Gain,Elderly,Xennials
153,153,Timothy Krajcir,Male,28.11.1944,USA,Unemployed,56,Resentment/Hate,Pervert,Women,9,9,Moderate,1,100,Only child,Bare hands,Alive,Prostitutes/Women,Life imprisonment,Intellectual,Sexual or Sadistic Pleasure,Miscellaneous Groups,Silent Generation
154,154,Charles Sobhraj,Male,06.04.1944,Vietnam,Unemployed,31,Without any Cause,Robbery,Tourists,12,30,Moderate,1,10000,Middle,Unidentified,Dead,None/No one,Death penalty,No info,Robbery or Material Gain,Miscellaneous Groups,Silent Generation
155,155,William Suff,Male,20.08.1950,USA,Soldier,36,Resentment/Hate,Pervert,All,13,23,Hard,6,170,No info,Knife,Alive,Prostitutes/Women,Life imprisonment,Intellectual,Sexual or Sadistic Pleasure,Miscellaneous Groups,Baby Boomer Generation
156,156,Maury Travis,Male,25.10.1965,USA,Labourer,35,Bullying,Desire for power,Women,12,17,Hard,2,100,Eldest,Hammer/Axes,Dead,Parents,Life imprisonment,No info,Desire for Power or Fame,Miscellaneous Groups,Generation X
157,157,Dennis Nilsen,Male,23.11.1945,UK,Soldier,33,Bullying,Desire for power,Young men,12,16,Hard,5,100,Middle,Knife,Dead,Parents,Life imprisonment,No info,Desire for Power or Fame,Young Individuals,Silent Generation
158,158,Francisco Antonio Laureana,Male,1954,Argentina,Labourer,20,Resentment/Hate,Pervert,Women,13,13,Hard,2,10000,No info,Bare hands,Dead,Prostitutes/Women,Death penalty,No info,Sexual or Sadistic Pleasure,Miscellaneous Groups,Baby Boomer Generation
159,159,Mark Goudeau,Male,06.09.1964,USA,Unidentified,41,Without any Cause,No info,All,9,9,Easy,1,100,No info,Shooting,Alive,None/No one,Life imprisonment,No info,Miscellaneous or Undefined,Miscellaneous Groups,Baby Boomer Generation
